Name,Created,Tags
Nepal Photo (2),"October 15, 2025 7:40 PM",
Ski Hill Star Trails,"October 15, 2025 7:42 PM",
Monadnock Milky Way,"October 15, 2025 7:42 PM",
Nepal Photo (1),"October 15, 2025 7:41 PM",
Nepal Photo,"October 15, 2025 7:41 PM",
Nepal 70,"October 15, 2025 7:43 PM",
Photo Jun 15 2019 (1),"October 15, 2025 7:40 PM",
Photo Jul 26 2018,"October 15, 2025 7:40 PM",
Photo Sept 27 2024 (2),"October 15, 2025 7:41 PM",
Photo Sept 27 2024 (3),"October 15, 2025 7:41 PM",
Photo Sept 27 2024 (4),"October 15, 2025 7:41 PM",